Type,Name,Request Count,Failure Count,Median Response Time,Average Response Time,Min Response Time,Max Response Time,Average Content Size,Requests/s,Failures/s,50%,66%,75%,80%,90%,95%,98%,99%,99.9%,99.99%,100%
GET,/health,247,247,5300,4462.659935627486,2.653800002008211,8942.3517000032,15.898785425101215,2.0903085118820295,2.0903085118820295,5300,5600,6000,6500,8000,8300,8600,8800,8900,8900,8900
GET,/status,241,241,5200,4109.556613693047,4.6348999967449345,8845.53330000199,15.684647302904564,2.039531786897041,2.039531786897041,5200,5500,5600,5800,7100,8300,8600,8700,8800,8800,8800
POST,/v1/exec,704,704,5300,4286.19383224437,3.9073000007192604,8872.046399999817,15.541193181818182,5.957802398238659,5.957802398238659,5300,5500,5700,6100,7700,8300,8600,8700,8900,8900,8900
,Aggregated,1192,1192,5200,4287.047488171175,2.653800002008211,8942.3517000032,15.644295302013424,10.08764269701773,10.08764269701773,5200,5500,5700,6100,7700,8300,8600,8700,8900,8900,8900
