Type,Name,Request Count,Failure Count,Median Response Time,Average Response Time,Min Response Time,Max Response Time,Average Content Size,Requests/s,Failures/s,50%,66%,75%,80%,90%,95%,98%,99%,99.9%,99.99%,100%
GET,/health,40,39,2100,2203.436860000147,74.39349999913247,4686.123999999836,21.175,0.6842504436130569,0.6671441825227304,2100,2100,2100,2100,3300,4600,4700,4700,4700,4700,4700
GET,/status,50,48,2100,2104.306586000166,21.61589999741409,4125.483100004203,31.5,0.8553130545163211,0.8211005323356683,2100,2100,2100,2100,2400,3100,4100,4100,4100,4100,4100
POST,/v1/exec,139,139,2100,2108.000147482265,20.165100002486724,4626.343000003544,22.165467625899282,2.3777702915553727,2.3777702915553727,2100,2100,2100,2100,2400,3200,4500,4600,4600,4600,4600
,Aggregated,229,226,2100,2123.8638611355855,20.165100002486724,4686.123999999836,24.03056768558952,3.9173337896847507,3.8660150064137713,2100,2100,2100,2100,2400,3200,4500,4600,4700,4700,4700
