Type,Name,Request Count,Failure Count,Median Response Time,Average Response Time,Min Response Time,Max Response Time,Average Content Size,Requests/s,Failures/s,50%,66%,75%,80%,90%,95%,98%,99%,99.9%,99.99%,100%
GET,/health,73,73,12000,8441.323353424359,16.647600001306273,15804.097699998238,14.67123287671233,1.7545959980836667,1.7545959980836667,12000,13000,13000,13000,14000,15000,16000,16000,16000,16000,16000
GET,/status,92,92,11000,8299.902314130317,12.55519999540411,15727.09069999837,15.065217391304348,2.211271668817772,2.211271668817772,11000,12000,13000,13000,14000,16000,16000,16000,16000,16000,16000
POST,/v1/exec,204,204,12000,8410.311574999909,8.819599999696948,15889.661900000647,14.823529411764707,4.903254569987233,4.903254569987233,12000,12000,13000,13000,13000,15000,16000,16000,16000,16000,16000
,Aggregated,369,369,12000,8388.919184281705,8.819599999696948,15889.661900000647,14.853658536585366,8.869122236888671,8.869122236888671,12000,12000,13000,13000,14000,15000,16000,16000,16000,16000,16000
